{
  "french": {
    "raw_norm": 2.3361358642578125
  },
  "verbose": {
    "raw_norm": 3.591233968734741
  }
}