{"harm_input_llama": 0.8905151645065938, "harm_input_qwen": 0.8793677155738253, "n": 600}