{
  "harm_thresh": 4,
  "per_layer": {
    "L4": {
      "mlp_auc_meanfold": 0.6432121212121212,
      "mlp_auc_meanfold_std": 0.07047200174752404,
      "mlp_auc_oob": 0.6160312805474095,
      "mlp_auc_ci95_boot": [
        0.5459544722170088,
        0.6788627973026635
      ]
    },
    "L8": {
      "mlp_auc_meanfold": 0.6159393939393939,
      "mlp_auc_meanfold_std": 0.12116902264089707,
      "mlp_auc_oob": 0.6391495601173021,
      "mlp_auc_ci95_boot": [
        0.5720618256051327,
        0.7002727752372117
      ]
    },
    "L12": {
      "mlp_auc_meanfold": 0.6537575757575758,
      "mlp_auc_meanfold_std": 0.09634564345074229,
      "mlp_auc_oob": 0.6420332355816227,
      "mlp_auc_ci95_boot": [
        0.5723646308446303,
        0.7020538566540332
      ]
    },
    "L16": {
      "mlp_auc_meanfold": 0.6960000000000001,
      "mlp_auc_meanfold_std": 0.05398717665652203,
      "mlp_auc_oob": 0.6865591397849462,
      "mlp_auc_ci95_boot": [
        0.6151363778364012,
        0.7393965256616328
      ]
    },
    "L20": {
      "mlp_auc_meanfold": 0.7302222222222221,
      "mlp_auc_meanfold_std": 0.04617027525266054,
      "mlp_auc_oob": 0.7303519061583578,
      "mlp_auc_ci95_boot": [
        0.6717852895233524,
        0.7878361402101485
      ]
    },
    "L24": {
      "mlp_auc_meanfold": 0.7612828282828282,
      "mlp_auc_meanfold_std": 0.05791750075922191,
      "mlp_auc_oob": 0.755229716520039,
      "mlp_auc_ci95_boot": [
        0.7025514431631152,
        0.8103536540516474
      ]
    },
    "L28": {
      "mlp_auc_meanfold": 0.7284444444444446,
      "mlp_auc_meanfold_std": 0.05875147611176848,
      "mlp_auc_oob": 0.7273216031280547,
      "mlp_auc_ci95_boot": [
        0.6763645437725193,
        0.7815420891157727
      ]
    },
    "L31": {
      "mlp_auc_meanfold": 0.7491515151515151,
      "mlp_auc_meanfold_std": 0.04746054375960903,
      "mlp_auc_oob": 0.7151026392961877,
      "mlp_auc_ci95_boot": [
        0.655577628461064,
        0.7734636892857796
      ]
    }
  }
}