{
  "harm_thresh": 4,
  "layer_main": 16,
  "exp1_L16": {
    "linear_compliance_harm_auc": 0.5635874877810362,
    "linear_compliance_harm_ci95": [
      0.49672662669231465,
      0.6288731705910477
    ],
    "mlp_compliance_harm_auc": 0.5677908113391985,
    "mlp_compliance_harm_ci95": [
      0.5037793827177388,
      0.6353744981797484
    ]
  },
  "exp2_L16": {
    "linear_harm_auc_meanfold": 0.7585454545454546,
    "linear_harm_auc_meanfold_std": 0.03801038957094718,
    "linear_harm_auc_oob": 0.7498044965786902,
    "linear_harm_auc_ci95_boot": [
      0.6934774101160563,
      0.8044539207845158
    ]
  },
  "exp3_per_layer": {
    "L0": {
      "auc_meanfold": 0.5183383838383838,
      "auc_meanfold_std": 0.06732876075113252,
      "auc_oob": 0.514980449657869,
      "auc_ci95_boot": [
        0.4491125780774966,
        0.5900577791491921
      ]
    },
    "L4": {
      "auc_meanfold": 0.679818181818182,
      "auc_meanfold_std": 0.0396326566703202,
      "auc_oob": 0.6792277614858261,
      "auc_ci95_boot": [
        0.6144446272897232,
        0.7479143574337787
      ]
    },
    "L8": {
      "auc_meanfold": 0.754010101010101,
      "auc_meanfold_std": 0.03033082227234128,
      "auc_oob": 0.7539100684261975,
      "auc_ci95_boot": [
        0.6951794677714923,
        0.8120643081463228
      ]
    },
    "L12": {
      "auc_meanfold": 0.7517777777777778,
      "auc_meanfold_std": 0.019256626694884964,
      "auc_oob": 0.7511730205278592,
      "auc_ci95_boot": [
        0.6913412013540192,
        0.8073720848811203
      ]
    },
    "L16": {
      "auc_meanfold": 0.7585454545454546,
      "auc_meanfold_std": 0.03801038957094718,
      "auc_oob": 0.7498044965786902,
      "auc_ci95_boot": [
        0.6934774101160563,
        0.8044539207845158
      ]
    },
    "L20": {
      "auc_meanfold": 0.7816565656565657,
      "auc_meanfold_std": 0.03171199854871784,
      "auc_oob": 0.7779081133919844,
      "auc_ci95_boot": [
        0.7232494149276416,
        0.8257584405227946
      ]
    },
    "L24": {
      "auc_meanfold": 0.7945959595959595,
      "auc_meanfold_std": 0.027209091490319876,
      "auc_oob": 0.7887585532746823,
      "auc_ci95_boot": [
        0.736047954384025,
        0.8332733730141367
      ]
    },
    "L28": {
      "auc_meanfold": 0.7873535353535354,
      "auc_meanfold_std": 0.05175087285782515,
      "auc_oob": 0.7800097751710655,
      "auc_ci95_boot": [
        0.7285675517526771,
        0.828537043657068
      ]
    },
    "L31": {
      "auc_meanfold": 0.7976969696969697,
      "auc_meanfold_std": 0.04616002030705224,
      "auc_oob": 0.7905180840664713,
      "auc_ci95_boot": [
        0.737969179082676,
        0.8385220219045897
      ]
    }
  }
}