{
  "L16_T1_linear": {
    "auc": 0.736666055975612,
    "std": 0.009868076373627764
  },
  "L16_T1_mlp_h128_wd0.001": {
    "auc": 0.7596716132642097,
    "std": 0.011469647774442317,
    "cfg": {
      "d_hidden": 128,
      "wd": 0.001,
      "epochs": 30
    }
  },
  "L16_T1_mlp_h256_wd0.001": {
    "auc": 0.7583845406035279,
    "std": 0.011597783031234104,
    "cfg": {
      "d_hidden": 256,
      "wd": 0.001,
      "epochs": 30
    }
  },
  "L16_T1_mlp_h512_wd0.001": {
    "auc": 0.7564867768881495,
    "std": 0.007267809968474814,
    "cfg": {
      "d_hidden": 512,
      "wd": 0.001,
      "epochs": 30
    }
  },
  "L16_T1_mlp_h256_wd0.01": {
    "auc": 0.7576246428695217,
    "std": 0.012281214147147852,
    "cfg": {
      "d_hidden": 256,
      "wd": 0.01,
      "epochs": 30
    }
  },
  "L12_T1_linear": {
    "auc": 0.741783977117241,
    "std": 0.010580568928730877
  },
  "L12_T1_mlp_h256": {
    "auc": 0.7425897592061677,
    "std": 0.00839083058095418
  }
}