{
  "layer_a": 4,
  "layer_b": 31,
  "per_category": {
    "__global__": {
      "auc": 0.6999959796230865,
      "std": 0.011056122321951141,
      "n": 42010,
      "n_pos": 2027,
      "k_used": 5
    },
    "Disinformation": {
      "auc": 0.710939732429517,
      "std": 0.037890602811925515,
      "n": 3941,
      "n_pos": 132,
      "n_groups": 848,
      "k_used": 5
    },
    "Economic harm": {
      "auc": 0.7225611772242837,
      "std": 0.03476938926083548,
      "n": 4274,
      "n_pos": 165,
      "n_groups": 927,
      "k_used": 5
    },
    "Expert advice": {
      "auc": 0.7352098940902163,
      "std": 0.024972239218092194,
      "n": 4285,
      "n_pos": 164,
      "n_groups": 938,
      "k_used": 5
    },
    "Fraud/Deception": {
      "auc": 0.75423831098334,
      "std": 0.02167577890102597,
      "n": 4098,
      "n_pos": 334,
      "n_groups": 983,
      "k_used": 5
    },
    "Government decision-making": {
      "auc": 0.7592730043560043,
      "std": 0.040007149187844274,
      "n": 4307,
      "n_pos": 263,
      "n_groups": 1000,
      "k_used": 5
    },
    "Harassment/Discrimination": {
      "auc": 0.7699516535624628,
      "std": 0.03666844024002217,
      "n": 4226,
      "n_pos": 129,
      "n_groups": 902,
      "k_used": 5
    },
    "Malware/Hacking": {
      "auc": 0.7377783090874099,
      "std": 0.014211723485526595,
      "n": 4088,
      "n_pos": 329,
      "n_groups": 974,
      "k_used": 5
    },
    "Physical harm": {
      "auc": 0.7648952038793206,
      "std": 0.039814185836086015,
      "n": 4066,
      "n_pos": 146,
      "n_groups": 884,
      "k_used": 5
    },
    "Privacy": {
      "auc": 0.7448694708162027,
      "std": 0.01643801645052439,
      "n": 3936,
      "n_pos": 256,
      "n_groups": 909,
      "k_used": 5
    },
    "Sexual/Adult content": {
      "auc": 0.7125159746323655,
      "std": 0.03741174118635798,
      "n": 4789,
      "n_pos": 109,
      "n_groups": 997,
      "k_used": 5
    }
  }
}