{
  "global_per_layer": {
    "L0": {
      "auc": 0.5719599743165462,
      "std": 0.01147363170445813,
      "n": 42010,
      "n_pos": 2027
    },
    "L4": {
      "auc": 0.7339436129326208,
      "std": 0.015144252782998318,
      "n": 42010,
      "n_pos": 2027
    },
    "L8": {
      "auc": 0.7431779574577887,
      "std": 0.0165274820026891,
      "n": 42010,
      "n_pos": 2027
    },
    "L12": {
      "auc": 0.7594819868008085,
      "std": 0.015726833474220756,
      "n": 42010,
      "n_pos": 2027
    },
    "L16": {
      "auc": 0.7598012638078402,
      "std": 0.013066244017793974,
      "n": 42010,
      "n_pos": 2027
    },
    "L20": {
      "auc": 0.7515825525310144,
      "std": 0.021740440977676058,
      "n": 42010,
      "n_pos": 2027
    },
    "L24": {
      "auc": 0.7380552376464999,
      "std": 0.01951466881289512,
      "n": 42010,
      "n_pos": 2027
    },
    "L28": {
      "auc": 0.72339248757948,
      "std": 0.02226073439102916,
      "n": 42010,
      "n_pos": 2027
    },
    "L31": {
      "auc": 0.7077540979714653,
      "std": 0.02119672049517842,
      "n": 42010,
      "n_pos": 2027
    }
  },
  "per_category_per_layer": {
    "Disinformation": {
      "L0": {
        "auc": 0.5608488264401881,
        "std": 0.033150212130219854,
        "n": 3941,
        "n_pos": 132
      },
      "L4": {
        "auc": 0.651051420069341,
        "std": 0.022666560288082227,
        "n": 3941,
        "n_pos": 132
      },
      "L8": {
        "auc": 0.6801893046007366,
        "std": 0.05197461671951309,
        "n": 3941,
        "n_pos": 132
      },
      "L12": {
        "auc": 0.7224168199717536,
        "std": 0.04565487321299421,
        "n": 3941,
        "n_pos": 132
      },
      "L16": {
        "auc": 0.7406593141638375,
        "std": 0.04741484847499181,
        "n": 3941,
        "n_pos": 132
      },
      "L20": {
        "auc": 0.7344499425175322,
        "std": 0.02946174297957864,
        "n": 3941,
        "n_pos": 132
      },
      "L24": {
        "auc": 0.7340552655024392,
        "std": 0.03929506351743149,
        "n": 3941,
        "n_pos": 132
      },
      "L28": {
        "auc": 0.7451502818762882,
        "std": 0.05289016528191939,
        "n": 3941,
        "n_pos": 132
      },
      "L31": {
        "auc": 0.7543101585035116,
        "std": 0.05020504152447668,
        "n": 3941,
        "n_pos": 132
      }
    },
    "Economic harm": {
      "L0": {
        "auc": 0.526891594357832,
        "std": 0.04311621488032379,
        "n": 4274,
        "n_pos": 165
      },
      "L4": {
        "auc": 0.6882745545374349,
        "std": 0.040525831068148756,
        "n": 4274,
        "n_pos": 165
      },
      "L8": {
        "auc": 0.7169528486317696,
        "std": 0.03923552179172013,
        "n": 4274,
        "n_pos": 165
      },
      "L12": {
        "auc": 0.7238136362423995,
        "std": 0.0672646812287072,
        "n": 4274,
        "n_pos": 165
      },
      "L16": {
        "auc": 0.7546303697734655,
        "std": 0.04363998472236534,
        "n": 4274,
        "n_pos": 165
      },
      "L20": {
        "auc": 0.7412665152732011,
        "std": 0.05037468981382893,
        "n": 4274,
        "n_pos": 165
      },
      "L24": {
        "auc": 0.7538272066935706,
        "std": 0.06360489851418265,
        "n": 4274,
        "n_pos": 165
      },
      "L28": {
        "auc": 0.7629552322391747,
        "std": 0.04938419933899837,
        "n": 4274,
        "n_pos": 165
      },
      "L31": {
        "auc": 0.7486761288929733,
        "std": 0.03824626900387594,
        "n": 4274,
        "n_pos": 165
      }
    },
    "Expert advice": {
      "L0": {
        "auc": 0.5741209179170343,
        "std": 0.028377442000278544,
        "n": 4285,
        "n_pos": 164
      },
      "L4": {
        "auc": 0.7152574286554868,
        "std": 0.02183546851550754,
        "n": 4285,
        "n_pos": 164
      },
      "L8": {
        "auc": 0.7387764783759929,
        "std": 0.02766510551013028,
        "n": 4285,
        "n_pos": 164
      },
      "L12": {
        "auc": 0.740970211827008,
        "std": 0.024424330883260112,
        "n": 4285,
        "n_pos": 164
      },
      "L16": {
        "auc": 0.7513328920270668,
        "std": 0.020913380317480485,
        "n": 4285,
        "n_pos": 164
      },
      "L20": {
        "auc": 0.7482122683142101,
        "std": 0.026634693382164433,
        "n": 4285,
        "n_pos": 164
      },
      "L24": {
        "auc": 0.7360269932333039,
        "std": 0.041168895391609686,
        "n": 4285,
        "n_pos": 164
      },
      "L28": {
        "auc": 0.7281640923801117,
        "std": 0.056212786721852495,
        "n": 4285,
        "n_pos": 164
      },
      "L31": {
        "auc": 0.7599121065019123,
        "std": 0.05895188331527599,
        "n": 4285,
        "n_pos": 164
      }
    },
    "Fraud/Deception": {
      "L0": {
        "auc": 0.5828211339009051,
        "std": 0.027928477178754626,
        "n": 4098,
        "n_pos": 334
      },
      "L4": {
        "auc": 0.733021076709486,
        "std": 0.02686859125378725,
        "n": 4098,
        "n_pos": 334
      },
      "L8": {
        "auc": 0.756642208970764,
        "std": 0.01487037963510374,
        "n": 4098,
        "n_pos": 334
      },
      "L12": {
        "auc": 0.7727705685305264,
        "std": 0.0185390470029367,
        "n": 4098,
        "n_pos": 334
      },
      "L16": {
        "auc": 0.7953798296426198,
        "std": 0.024585182037376183,
        "n": 4098,
        "n_pos": 334
      },
      "L20": {
        "auc": 0.7932383325997184,
        "std": 0.024308707593093146,
        "n": 4098,
        "n_pos": 334
      },
      "L24": {
        "auc": 0.7914582718872545,
        "std": 0.018169848184542176,
        "n": 4098,
        "n_pos": 334
      },
      "L28": {
        "auc": 0.7823475016473268,
        "std": 0.013015806285583994,
        "n": 4098,
        "n_pos": 334
      },
      "L31": {
        "auc": 0.7874635224510889,
        "std": 0.02047867061802181,
        "n": 4098,
        "n_pos": 334
      }
    },
    "Government decision-making": {
      "L0": {
        "auc": 0.6260838946918799,
        "std": 0.026658710484289052,
        "n": 4307,
        "n_pos": 263
      },
      "L4": {
        "auc": 0.7554031863243805,
        "std": 0.03105215418091381,
        "n": 4307,
        "n_pos": 263
      },
      "L8": {
        "auc": 0.7676196082398046,
        "std": 0.038587851577118505,
        "n": 4307,
        "n_pos": 263
      },
      "L12": {
        "auc": 0.7821551002326018,
        "std": 0.036526146552279815,
        "n": 4307,
        "n_pos": 263
      },
      "L16": {
        "auc": 0.7734358428716046,
        "std": 0.047542024604743056,
        "n": 4307,
        "n_pos": 263
      },
      "L20": {
        "auc": 0.7793042103680589,
        "std": 0.04167896095858593,
        "n": 4307,
        "n_pos": 263
      },
      "L24": {
        "auc": 0.7850764532603322,
        "std": 0.03180947927512294,
        "n": 4307,
        "n_pos": 263
      },
      "L28": {
        "auc": 0.7766105126495757,
        "std": 0.03332934257174561,
        "n": 4307,
        "n_pos": 263
      },
      "L31": {
        "auc": 0.7679270730418389,
        "std": 0.03572739316143109,
        "n": 4307,
        "n_pos": 263
      }
    },
    "Harassment/Discrimination": {
      "L0": {
        "auc": 0.5536469446334362,
        "std": 0.06224558000604859,
        "n": 4226,
        "n_pos": 129
      },
      "L4": {
        "auc": 0.6773090642732293,
        "std": 0.056396716035551235,
        "n": 4226,
        "n_pos": 129
      },
      "L8": {
        "auc": 0.6853609304808179,
        "std": 0.04288619984899191,
        "n": 4226,
        "n_pos": 129
      },
      "L12": {
        "auc": 0.7118509950129087,
        "std": 0.06904120608155637,
        "n": 4226,
        "n_pos": 129
      },