{
  "global_per_layer": {
    "L0": {
      "auc": 0.5723063127588357,
      "std": 0.007108488564563635,
      "n": 42010,
      "n_pos": 2027,
      "k_used": 5
    },
    "L4": {
      "auc": 0.7300878800008458,
      "std": 0.008467586913459998,
      "n": 42010,
      "n_pos": 2027,
      "k_used": 5
    },
    "L8": {
      "auc": 0.7339594617672237,
      "std": 0.0067663571701336335,
      "n": 42010,
      "n_pos": 2027,
      "k_used": 5
    },
    "L12": {
      "auc": 0.7387876436712077,
      "std": 0.00474066872718198,
      "n": 42010,
      "n_pos": 2027,
      "k_used": 5
    },
    "L16": {
      "auc": 0.7462934595972572,
      "std": 0.007014854493903836,
      "n": 42010,
      "n_pos": 2027,
      "k_used": 5
    },
    "L20": {
      "auc": 0.7403061902794276,
      "std": 0.011939647076004882,
      "n": 42010,
      "n_pos": 2027,
      "k_used": 5
    },
    "L24": {
      "auc": 0.7286330133214551,
      "std": 0.006657982379370907,
      "n": 42010,
      "n_pos": 2027,
      "k_used": 5
    },
    "L28": {
      "auc": 0.7155872224873917,
      "std": 0.005829856513412088,
      "n": 42010,
      "n_pos": 2027,
      "k_used": 5
    },
    "L31": {
      "auc": 0.6993197391510548,
      "std": 0.011083557417847502,
      "n": 42010,
      "n_pos": 2027,
      "k_used": 5
    }
  },
  "per_category_per_layer": {
    "Disinformation": {
      "L0": {
        "auc": 0.5484764763485773,
        "std": 0.08053567614474613,
        "n": 3941,
        "n_pos": 132,
        "n_groups": 848,
        "k_used": 5
      },
      "L4": {
        "auc": 0.6587884307834694,
        "std": 0.06546523252901952,
        "n": 3941,
        "n_pos": 132,
        "n_groups": 848,
        "k_used": 5
      },
      "L8": {
        "auc": 0.6928251734530646,
        "std": 0.044583732163373864,
        "n": 3941,
        "n_pos": 132,
        "n_groups": 848,
        "k_used": 5
      },
      "L12": {
        "auc": 0.7265493322748106,
        "std": 0.04767544335360692,
        "n": 3941,
        "n_pos": 132,
        "n_groups": 848,
        "k_used": 5
      },
      "L16": {
        "auc": 0.7345656216550347,
        "std": 0.03412389342641066,
        "n": 3941,
        "n_pos": 132,
        "n_groups": 848,
        "k_used": 5
      },
      "L20": {
        "auc": 0.6969450478345303,
        "std": 0.05488905288092035,
        "n": 3941,
        "n_pos": 132,
        "n_groups": 848,
        "k_used": 5
      },
      "L24": {
        "auc": 0.693287571838617,
        "std": 0.039304043362257866,
        "n": 3941,
        "n_pos": 132,
        "n_groups": 848,
        "k_used": 5
      },
      "L28": {
        "auc": 0.7002698304642664,
        "std": 0.030570664183275535,
        "n": 3941,
        "n_pos": 132,
        "n_groups": 848,
        "k_used": 5
      },
      "L31": {
        "auc": 0.7133474656900847,
        "std": 0.03966953084125859,
        "n": 3941,
        "n_pos": 132,
        "n_groups": 848,
        "k_used": 5
      }
    },
    "Economic harm": {
      "L0": {
        "auc": 0.5109453400818248,
        "std": 0.040314698416960254,
        "n": 4274,
        "n_pos": 165,
        "n_groups": 927,
        "k_used": 5
      },
      "L4": {
        "auc": 0.6795180851203505,
        "std": 0.02766658662044288,
        "n": 4274,
        "n_pos": 165,
        "n_groups": 927,
        "k_used": 5
      },
      "L8": {
        "auc": 0.7058644222254257,
        "std": 0.024366050384191502,
        "n": 4274,
        "n_pos": 165,
        "n_groups": 927,
        "k_used": 5
      },
      "L12": {
        "auc": 0.7096771189580293,
        "std": 0.032358476315618355,
        "n": 4274,
        "n_pos": 165,
        "n_groups": 927,
        "k_used": 5
      },
      "L16": {
        "auc": 0.7414750708692424,
        "std": 0.03742476213886799,
        "n": 4274,
        "n_pos": 165,
        "n_groups": 927,
        "k_used": 5
      },
      "L20": {
        "auc": 0.7207370504142471,
        "std": 0.04132175838342924,
        "n": 4274,
        "n_pos": 165,
        "n_groups": 927,
        "k_used": 5
      },
      "L24": {
        "auc": 0.7530839638899447,
        "std": 0.040908484821200596,
        "n": 4274,
        "n_pos": 165,
        "n_groups": 927,
        "k_used": 5
      },
      "L28": {
        "auc": 0.7559344185637906,
        "std": 0.03376118801347828,
        "n": 4274,
        "n_pos": 165,
        "n_groups": 927,
        "k_used": 5
      },
      "L31": {
        "auc": 0.7250847904344407,
        "std": 0.028849689851596652,
        "n": 4274,
        "n_pos": 165,
        "n_groups": 927,
        "k_used": 5
      }
    },
    "Expert advice": {
      "L0": {
        "auc": 0.5699114240010223,
        "std": 0.03567673732921374,
        "n": 4285,
        "n_pos": 164,
        "n_groups": 938,
        "k_used": 5
      },
      "L4": {
        "auc": 0.7137524727845277,
        "std": 0.02537652554520792,
        "n": 4285,
        "n_pos": 164,
        "n_groups": 938,
        "k_used": 5
      },
      "L8": {
        "auc": 0.7346416259650053,
        "std": 0.024553765713076832,
        "n": 4285,
        "n_pos": 164,
        "n_groups": 938,
        "k_used": 5
      },
      "L12": {
        "auc": 0.7380223913345431,
        "std": 0.04391143377109316,
        "n": 4285,
        "n_pos": 164,
        "n_groups": 938,
        "k_used": 5
      },
      "L16": {
        "auc": 0.7500667443572152,
        "std": 0.05442317904986901,
        "n": 4285,
        "n_pos": 164,
        "n_groups": 938,
        "k_used": 5
      },
      "L20": {
        "auc": 0.7370963478813863,
        "std": 0.03518116186118,
        "n": 4285,
        "n_pos": 164,
        "n_groups": 938,
        "k_used": 5
      },
      "L24": {
        "auc": 0.7207149814172908,
        "std": 0.046415427781238736,
        "n": 4285,
        "n_pos": 164,
        "n_groups": 938,
        "k_used": 5
      },
      "L28": {
        "auc": 0.7110431310608144,
        "std": 0.03131594381235429,
        "n": 4285,
        "n_pos": 164,
        "n_groups": 938,
        "k_used": 5
      },
      "L31": {
        "auc": 0.7344598598555152,
        "std": 0.02914909335936677,
        "n": 4285,
        "n_pos": 164,
        "n_groups": 938,
        "k_used": 5
      }
    },
    "Fraud/Deception": {
      "L0": {
        "auc": 0.5771223253562074,
        "std": 0.018550155287234547,
        "n": 4098,
        "n_pos": 334,
        "n_groups": 983,
        "k_used": 5
      },
      "L4": {
        "auc": 0.7307989246967775,
        "std": 0.02129325849638182,
        "n": 4098,
        "n_pos": 334,
        "n_groups": 983,
        "k_used": 5
      },
      "L8": {
        "auc": 0.7539345967623374,
        "std": 0.023425860841011358,
        "n": 4098,
        "n_pos": 334,
        "n_groups": 983,
        "k_used": 5
      },
      "L12": {
        "auc": 0.765228337114108,
        "std": 0.014967532497336894,
        "n": 4098,
        "n_pos": 334,
        "n_groups": 983,
        "k_used": 5
      },
      "L16": {
        "auc": 0.7816761750541803,
        "std": 0.02058603807868757,
        "n": 4098,
        "n_pos": 334,
        "n_groups": 983,
        "k_used": 5
      },
      "L20": {
        "auc": 0.7711435935571309,
        "std": 0.02774435366984785,
        "n": 4098,
        "n_pos": 334,
        "n_groups": 983,
        "k_used": 5
      },
      "L24": {
        "auc": 0.7676747850478753,
        "std": 0.02261705212664223,
        "n": 4098,
        "n_pos": 334,
        "n_groups": 983,
        "k_used": 5
      },
      "L28": {
        "auc": 0.7508140516446244,
        "std": 0.024288110840401424,
        "n": 4098,
        "n_pos": 334,
        "n_groups": 983,
        "k_used": 5
      },
      "L31": {
        "auc": 0.754986705480089,
        "std": 0.023566450433552717,
        "n": 4098,
        "n_pos": 334,
        "n_groups": 983,
        "k_used": 5
      }
    },