{
  "per_turn_L16": {
    "0": {
      "auc": 0.6077762380954861,
      "auc_std": 0.03259029848620098,
      "n_pos": 398,
      "n_neg": 1102
    },
    "1": {
      "auc": 0.6856977633312332,
      "auc_std": 0.030678963082314815,
      "n_pos": 398,
      "n_neg": 1102
    },
    "2": {
      "auc": 0.6204567720998286,
      "auc_std": 0.02480765741276687,
      "n_pos": 398,
      "n_neg": 1102
    },
    "3": {
      "auc": 0.6217577330525021,
      "auc_std": 0.026254663041054924,
      "n_pos": 398,
      "n_neg": 1102
    },
    "4": {
      "auc": 0.6201404257507199,
      "auc_std": 0.025370876026691684,
      "n_pos": 398,
      "n_neg": 1102
    }
  },
  "category_cv_turn0": {
    "auc": 0.5995513149096289,
    "auc_std": 0.040675716986268276,
    "n_categories": 10,
    "per_category": {
      "Disinformation": {
        "auc": 0.6505939902166318,
        "n": 133,
        "n_pos": 27
      },
      "Economic harm": {
        "auc": 0.6219868517165815,
        "n": 148,
        "n_pos": 37
      },
      "Expert advice": {
        "auc": 0.5900856389986825,
        "n": 155,
        "n_pos": 23
      },
      "Fraud/Deception": {
        "auc": 0.5543636363636364,
        "n": 155,
        "n_pos": 55
      },
      "Government decision-making": {
        "auc": 0.5819774718397996,
        "n": 166,
        "n_pos": 47
      },
      "Harassment/Discrimination": {
        "auc": 0.6194506547428935,
        "n": 132,
        "n_pos": 31
      },
      "Malware/Hacking": {
        "auc": 0.5473404255319149,
        "n": 154,
        "n_pos": 60
      },
      "Physical harm": {
        "auc": 0.560906862745098,
        "n": 154,
        "n_pos": 34
      },
      "Privacy": {
        "auc": 0.6788522012578617,
        "n": 149,
        "n_pos": 53
      },
      "Sexual/Adult content": {
        "auc": 0.5899554156831892,
        "n": 154,
        "n_pos": 31
      }
    }
  },
  "direction_comparisons": {
    "outcome_L16_t0 vs arditi_L31": -0.0019975402392446995,
    "outcome_L16_t0 vs probe_L16": 0.024493878707289696,
    "outcome_L16_t0 vs probe_L31": 0.033691443502902985,
    "outcome_t0 vs outcome_t1": 0.07381362468004227,
    "outcome_t0 vs outcome_t2": 0.03833193704485893,
    "outcome_t0 vs outcome_t3": 0.03279054909944534,
    "outcome_t0 vs outcome_t4": 0.03270352631807327
  },
  "layer_sweep_turn0": {
    "0": {
      "auc": 0.5,
      "auc_std": 0.0,
      "n_pos": 129,
      "n_neg": 371
    },
    "4": {
      "auc": 0.6620449341649342,
      "auc_std": 0.03490575568535924,
      "n_pos": 129,
      "n_neg": 371
    },
    "8": {
      "auc": 0.6506363132363133,
      "auc_std": 0.02586385574830837,
      "n_pos": 129,
      "n_neg": 371
    },
    "12": {
      "auc": 0.6480294109494109,
      "auc_std": 0.01895214347094867,
      "n_pos": 129,
      "n_neg": 371
    },
    "20": {
      "auc": 0.6627814553014554,
      "auc_std": 0.029166165969252252,
      "n_pos": 129,
      "n_neg": 371
    },
    "24": {
      "auc": 0.6569718364518364,
      "auc_std": 0.027678478904395832,
      "n_pos": 129,
      "n_neg": 371
    },
    "28": {
      "auc": 0.6557834788634788,
      "auc_std": 0.029020598255166535,
      "n_pos": 129,
      "n_neg": 371
    },
    "31": {
      "auc": 0.6584943312543313,
      "auc_std": 0.03474385452544667,
      "n_pos": 129,
      "n_neg": 371
    }
  },
  "full_layer_turn_matrix": {
    "L0_T0": {
      "auc": 0.5,
      "auc_std": 0.0,
      "n_pos": 129,
      "n_neg": 371,
      "layer": 0,
      "turn": 0
    },
    "L0_T1": {
      "auc": 0.5218773388773389,
      "auc_std": 0.011075465962736095,
      "n_pos": 129,
      "n_neg": 371,
      "layer": 0,
      "turn": 1
    },
    "L0_T2": {
      "auc": 0.605011975051975,
      "auc_std": 0.05023089107912546,
      "n_pos": 129,
      "n_neg": 371,
      "layer": 0,
      "turn": 2
    },
    "L0_T3": {
      "auc": 0.567287040887041,
      "auc_std": 0.07796341264559732,
      "n_pos": 129,
      "n_neg": 371,
      "layer": 0,
      "turn": 3
    },
    "L0_T4": {
      "auc": 0.5716732363132364,
      "auc_std": 0.06869502367614903,
      "n_pos": 129,
      "n_neg": 371,
      "layer": 0,
      "turn": 4
    },
    "L4_T0": {
      "auc": 0.6620449341649342,
      "auc_std": 0.03490575568535924,
      "n_pos": 129,
      "n_neg": 371,
      "layer": 4,
      "turn": 0
    },
    "L4_T1": {
      "auc": 0.7053285654885656,
      "auc_std": 0.03277297625204539,
      "n_pos": 129,
      "n_neg": 371,
      "layer": 4,
      "turn": 1
    },
    "L4_T2": {
      "auc": 0.6591549826749827,
      "auc_std": 0.04069632571444183,
      "n_pos": 129,
      "n_neg": 371,
      "layer": 4,
      "turn": 2
    },
    "L4_T3": {
      "auc": 0.5850253083853084,
      "auc_std": 0.0469716726490187,
      "n_pos": 129,
      "n_neg": 371,
      "layer": 4,
      "turn": 3
    },
    "L4_T4": {
      "auc": 0.6258952737352738,
      "auc_std": 0.05724104575300654,
      "n_pos": 129,
      "n_neg": 371,
      "layer": 4,
      "turn": 4
    },
    "L8_T0": {
      "auc": 0.6506363132363133,
      "auc_std": 0.02586385574830837,
      "n_pos": 129,
      "n_neg": 371,
      "layer": 8,
      "turn": 0
    },
    "L8_T1": {
      "auc": 0.7119576437976438,
      "auc_std": 0.021214563433552325,
      "n_pos": 129,
      "n_neg": 371,
      "layer": 8,
      "turn": 1
    },
    "L8_T2": {
      "auc": 0.6611722245322246,
      "auc_std": 0.04433336849325819,
      "n_pos": 129,
      "n_neg": 371,
      "layer": 8,
      "turn": 2
    },
    "L8_T3": {
      "auc": 0.6180548302148301,
      "auc_std": 0.05027004870319537,
      "n_pos": 129,
      "n_neg": 371,
      "layer": 8,
      "turn": 3
    },
    "L8_T4": {
      "auc": 0.6253728066528067,
      "auc_std": 0.0621879837986655,
      "n_pos": 129,
      "n_neg": 371,
      "layer": 8,
      "turn": 4
    },
    "L12_T0": {
      "auc": 0.6480294109494109,
      "auc_std": 0.01895214347094867,
      "n_pos": 129,
      "n_neg": 371,
      "layer": 12,
      "turn": 0
    },
    "L12_T1": {
      "auc": 0.7262035204435204,
      "auc_std": 0.020148074345020237,
      "n_pos": 129,
      "n_neg": 371,
      "layer": 12,
      "turn": 1
    },
    "L12_T2": {
      "auc": 0.698736243936244,
      "auc_std": 0.03197717557346592,
      "n_pos": 129,
      "n_neg": 371,
      "layer": 12,
      "turn": 2
    },
    "L12_T3": {
      "auc": 0.6096812196812198,
      "auc_std": 0.05233080650446044,
      "n_pos": 129,
      "n_neg": 371,
      "layer": 12,
      "turn": 3
    },
    "L12_T4": {
      "auc": 0.634480388080388,
      "auc_std": 0.04969325843617073,
      "n_pos": 129,
      "n_neg": 371,
      "layer": 12,
      "turn": 4
    },
    "L16_T0": {
      "auc": 0.6542004989604989,
      "auc_std": 0.02955854274632988,
      "n_pos": 129,
      "n_neg": 371,
      "layer": 16,
      "turn": 0
    },
    "L16_T1": {
      "auc": 0.7327476645876646,
      "auc_std": 0.0353319211205266,
      "n_pos": 129,
      "n_neg": 371,
      "layer": 16,
      "turn": 1
    },
    "L16_T2": {
      "auc": 0.6714083991683992,
      "auc_std": 0.06051943449826824,
      "n_pos": 129,
      "n_neg": 371,
      "layer": 16,
      "turn": 2
    },
    "L16_T3": {
      "auc": 0.6096969646569648,
      "auc_std": 0.08629315637590604,
      "n_pos": 129,
      "n_neg": 371,
      "layer": 16,
      "turn": 3
    },
    "L16_T4": {
      "auc": 0.6439059736659737,
      "auc_std": 0.08600845237419848,
      "n_pos": 129,
      "n_neg": 371,
      "layer": 16,
      "turn": 4
    },
    "L20_T0": {
      "auc": 0.6627814553014554,
      "auc_std": 0.029166165969252252,
      "n_pos": 129,
      "n_neg": 371,
      "layer": 20,
      "turn": 0
    },
    "L20_T1": {
      "auc": 0.7340004989604989,
      "auc_std": 0.033341586304292396,
      "n_pos": 129,
      "n_neg": 371,
      "layer": 20,
      "turn": 1
    },
    "L20_T2": {
      "auc": 0.6613605544005544,
      "auc_std": 0.052524712687460264,