{
  "global": {
    "T0": {
      "auc": 0.6173149069686452,
      "std": 0.006603678403695986,
      "n": 9400,
      "n_pos": 2065
    },
    "T1": {
      "auc": 0.6580011256521603,
      "std": 0.012899438896901453,
      "n": 9400,
      "n_pos": 2065
    },
    "T2": {
      "auc": 0.5862348585755053,
      "std": 0.01116949108306293,
      "n": 9400,
      "n_pos": 2065
    },
    "T3": {
      "auc": 0.576842925309183,
      "std": 0.0053933190196039475,
      "n": 9400,
      "n_pos": 2065
    },
    "T4": {
      "auc": 0.5836060811624917,
      "std": 0.004672622612380887,
      "n": 9400,
      "n_pos": 2065
    }
  },
  "per_category": {
    "Disinformation": {
      "T0": {
        "auc": 0.5625145687645687,
        "std": 0.07103995458530998,
        "n": 850,
        "n_pos": 134
      },
      "T1": {
        "auc": 0.5610852110852111,
        "std": 0.03992582871628345,
        "n": 850,
        "n_pos": 134
      },
      "T2": {
        "auc": 0.5642579642579643,
        "std": 0.02091311219680338,
        "n": 850,
        "n_pos": 134
      },
      "T3": {
        "auc": 0.6200174825174825,
        "std": 0.038009027607879414,
        "n": 850,
        "n_pos": 134
      },
      "T4": {
        "auc": 0.6136784511784511,
        "std": 0.03294311806701965,
        "n": 850,
        "n_pos": 134
      }
    },
    "Economic harm": {
      "T0": {
        "auc": 0.5784020546017449,
        "std": 0.0468837077680017,
        "n": 927,
        "n_pos": 165
      },
      "T1": {
        "auc": 0.5756224525961369,
        "std": 0.044120141309647316,
        "n": 927,
        "n_pos": 165
      },
      "T2": {
        "auc": 0.5094442880820591,
        "std": 0.06661760855948598,
        "n": 927,
        "n_pos": 165
      },
      "T3": {
        "auc": 0.48447086968758796,
        "std": 0.0499913516394935,
        "n": 927,
        "n_pos": 165
      },
      "T4": {
        "auc": 0.5107848349334418,
        "std": 0.04962935006599317,
        "n": 927,
        "n_pos": 165
      }
    },
    "Expert advice": {
      "T0": {
        "auc": 0.6383835645695228,
        "std": 0.05307927502692491,
        "n": 943,
        "n_pos": 169
      },
      "T1": {
        "auc": 0.6799480026614753,
        "std": 0.039847881356416454,
        "n": 943,
        "n_pos": 169
      },
      "T2": {
        "auc": 0.5854326950721638,
        "std": 0.05448074281452868,
        "n": 943,
        "n_pos": 169
      },
      "T3": {
        "auc": 0.5655187822929759,
        "std": 0.02718343752841635,
        "n": 943,
        "n_pos": 169
      },
      "T4": {
        "auc": 0.5550887569103887,
        "std": 0.024686215460779735,
        "n": 943,
        "n_pos": 169
      }
    },
    "Fraud/Deception": {
      "T0": {
        "auc": 0.5517573764346739,
        "std": 0.03400246423747237,
        "n": 988,
        "n_pos": 339
      },
      "T1": {
        "auc": 0.6122046193320465,
        "std": 0.03776565871234944,
        "n": 988,
        "n_pos": 339
      },
      "T2": {
        "auc": 0.5802091117599418,
        "std": 0.0426253963468076,
        "n": 988,
        "n_pos": 339
      },
      "T3": {
        "auc": 0.5457681653816573,
        "std": 0.026514254572745644,
        "n": 988,
        "n_pos": 339
      },
      "T4": {
        "auc": 0.5393046448280537,
        "std": 0.030784016801792283,
        "n": 988,
        "n_pos": 339
      }
    },
    "Government decision-making": {
      "T0": {
        "auc": 0.6263159385800894,
        "std": 0.028632276440652984,
        "n": 1004,
        "n_pos": 267
      },
      "T1": {
        "auc": 0.6341902645811002,
        "std": 0.03642983447001988,
        "n": 1004,
        "n_pos": 267
      },
      "T2": {
        "auc": 0.5608336484347267,
        "std": 0.026989871783643267,
        "n": 1004,
        "n_pos": 267
      },
      "T3": {
        "auc": 0.5649743955224638,
        "std": 0.03734549746225124,
        "n": 1004,
        "n_pos": 267
      },
      "T4": {
        "auc": 0.5723666934807996,
        "std": 0.027622520426331697,
        "n": 1004,
        "n_pos": 267
      }
    },
    "Harassment/Discrimination": {
      "T0": {
        "auc": 0.5486804405698414,
        "std": 0.01849984855351662,
        "n": 909,
        "n_pos": 136
      },
      "T1": {
        "auc": 0.6804943166579112,
        "std": 0.05052078295553566,
        "n": 909,
        "n_pos": 136
      },
      "T2": {
        "auc": 0.5424160964483544,
        "std": 0.06326904375042333,
        "n": 909,
        "n_pos": 136
      },
      "T3": {
        "auc": 0.5476709158736809,
        "std": 0.08116781951306497,
        "n": 909,
        "n_pos": 136
      },
      "T4": {
        "auc": 0.5355650536526112,
        "std": 0.07338092759687988,
        "n": 909,
        "n_pos": 136
      }
    },
    "Malware/Hacking": {
      "T0": {
        "auc": 0.5966545005767498,
        "std": 0.026476215604278718,
        "n": 979,
        "n_pos": 334
      },
      "T1": {
        "auc": 0.6759726736297371,
        "std": 0.06415039917640082,
        "n": 979,
        "n_pos": 334
      },
      "T2": {
        "auc": 0.5385251333186079,
        "std": 0.023399944174717895,
        "n": 979,
        "n_pos": 334
      },
      "T3": {
        "auc": 0.5432439634105724,
        "std": 0.052285603795001426,
        "n": 979,
        "n_pos": 334
      },
      "T4": {
        "auc": 0.5338704644501243,
        "std": 0.04898898584037466,
        "n": 979,
        "n_pos": 334
      }
    },
    "Physical harm": {
      "T0": {
        "auc": 0.5877413522805228,
        "std": 0.04680597651859492,
        "n": 889,
        "n_pos": 151
      },
      "T1": {
        "auc": 0.6146318998392731,
        "std": 0.029916089769076382,
        "n": 889,
        "n_pos": 151
      },
      "T2": {
        "auc": 0.500945560438648,
        "std": 0.0575057814287035,
        "n": 889,
        "n_pos": 151
      },
      "T3": {
        "auc": 0.5289804715841583,
        "std": 0.03871251357589409,
        "n": 889,
        "n_pos": 151
      },
      "T4": {
        "auc": 0.5150523993381136,
        "std": 0.03195418776245668,
        "n": 889,
        "n_pos": 151
      }
    },
    "Privacy": {
      "T0": {
        "auc": 0.7051071726852356,
        "std": 0.024190983015815938,
        "n": 912,
        "n_pos": 259
      },
      "T1": {
        "auc": 0.6890793529119493,
        "std": 0.08287867048682272,
        "n": 912,
        "n_pos": 259
      },
      "T2": {
        "auc": 0.5765319784357124,
        "std": 0.034035354890086356,
        "n": 912,
        "n_pos": 259
      },
      "T3": {
        "auc": 0.556008180046037,
        "std": 0.03379719977967783,
        "n": 912,
        "n_pos": 259
      },
      "T4": {
        "auc": 0.5834909515547491,
        "std": 0.029657015914668905,
        "n": 912,
        "n_pos": 259
      }
    },
    "Sexual/Adult content": {
      "T0": {
        "auc": 0.6025488776966756,
        "std": 0.04211750163833532,
        "n": 999,
        "n_pos": 111
      },
      "T1": {
        "auc": 0.6136031119237216,
        "std": 0.034235944772019196,
        "n": 999,
        "n_pos": 111
      },
      "T2": {
        "auc": 0.5460830222689247,
        "std": 0.06116856103892517,
        "n": 999,
        "n_pos": 111
      },
      "T3": {
        "auc": 0.46834795756326225,
        "std": 0.05369774369115273,
        "n": 999,
        "n_pos": 111
      },
      "T4": {
        "auc": 0.4931846471805734,
        "std": 0.04307475526561877,
        "n": 999,
        "n_pos": 111
      }
    }
  },
  "sparsity": {
    "T0": {
      "mean_l0": 2.9881914893617023,
      "pct_active_feats": 2.471923828125
    },
    "T1": {
      "mean_l0": 19.094255319148935,
      "pct_active_feats": 95.52001953125
    },
    "T2": {
      "mean_l0": 90.53904255319149,
      "pct_active_feats": 99.15771484375
    },