{
  "layer": 16,
  "n_matched": 600,
  "n_wins": 289,
  "n_losses": 311,
  "auc_high_vs_low_harm_within_wins_POOLED": 0.5461870503597122,
  "n_wins_high_harm": 139,
  "n_wins_low_harm": 150,
  "spearman_rho_pooled_wins": 0.0968762784863534,
  "spearman_p_pooled_wins": 0.100253199895438,
  "spearman_rho_pooled_all600": 0.13914350547399434,
  "spearman_p_pooled_all600": 0.0006312060069319261,
  "per_category": {
    "Disinformation": {
      "n_total": 60,
      "n_wins": 25,
      "n_losses": 35,
      "wins_high_harm": 7,
      "wins_low_harm": 18,
      "spearman_rho_wins_harm_vs_probe": -0.4235235199439358,
      "spearman_p_wins": 0.034887999417772625,
      "spearman_rho_all_harm_vs_probe": 0.02356486974279394,
      "spearman_p_all": 0.8581593703672004,
      "auc_high_vs_low_harm_within_wins": 0.32539682539682535
    },
    "Economic harm": {
      "n_total": 60,
      "n_wins": 30,
      "n_losses": 30,
      "wins_high_harm": 16,
      "wins_low_harm": 14,
      "spearman_rho_wins_harm_vs_probe": -0.031828943560676434,
      "spearman_p_wins": 0.8673947551774923,
      "spearman_rho_all_harm_vs_probe": -0.09515500501903112,
      "spearman_p_all": 0.46955334982108426,
      "auc_high_vs_low_harm_within_wins": 0.5357142857142857
    },
    "Expert advice": {
      "n_total": 60,
      "n_wins": 29,
      "n_losses": 31,
      "wins_high_harm": 14,
      "wins_low_harm": 15,
      "spearman_rho_wins_harm_vs_probe": -0.0061142379287914906,
      "spearman_p_wins": 0.974888288917492,
      "spearman_rho_all_harm_vs_probe": 0.06682883617184376,
      "spearman_p_all": 0.6119216589957224,
      "auc_high_vs_low_harm_within_wins": 0.4285714285714286
    },
    "Fraud/Deception": {
      "n_total": 60,
      "n_wins": 30,
      "n_losses": 30,
      "wins_high_harm": 20,
      "wins_low_harm": 10,
      "spearman_rho_wins_harm_vs_probe": 0.008501096187270386,
      "spearman_p_wins": 0.9644384067947827,
      "spearman_rho_all_harm_vs_probe": 0.33234410787089297,
      "spearman_p_all": 0.009476377645014742,
      "auc_high_vs_low_harm_within_wins": 0.44499999999999995
    },
    "Government decision-making": {
      "n_total": 60,
      "n_wins": 30,
      "n_losses": 30,
      "wins_high_harm": 19,
      "wins_low_harm": 11,
      "spearman_rho_wins_harm_vs_probe": 0.3122633164661233,
      "spearman_p_wins": 0.09296364539652155,
      "spearman_rho_all_harm_vs_probe": 0.1370191758112157,
      "spearman_p_all": 0.29650709889645227,
      "auc_high_vs_low_harm_within_wins": 0.6411483253588517
    },
    "Harassment/Discrimination": {
      "n_total": 60,
      "n_wins": 30,
      "n_losses": 30,
      "wins_high_harm": 2,
      "wins_low_harm": 28,
      "spearman_rho_wins_harm_vs_probe": 0.3570112048189019,
      "spearman_p_wins": 0.05278113861558753,
      "spearman_rho_all_harm_vs_probe": 0.2617540193819313,
      "spearman_p_all": 0.043356490210132693,
      "auc_high_vs_low_harm_within_wins": 0.9107142857142858
    },
    "Malware/Hacking": {
      "n_total": 60,
      "n_wins": 30,
      "n_losses": 30,
      "wins_high_harm": 26,
      "wins_low_harm": 4,
      "spearman_rho_wins_harm_vs_probe": -0.27415154645156414,
      "spearman_p_wins": 0.14263667526658835,
      "spearman_rho_all_harm_vs_probe": 0.19411683602962576,
      "spearman_p_all": 0.13723433026977613,
      "auc_high_vs_low_harm_within_wins": 0.20192307692307693
    },
    "Physical harm": {
      "n_total": 60,
      "n_wins": 27,
      "n_losses": 33,
      "wins_high_harm": 7,
      "wins_low_harm": 20,
      "spearman_rho_wins_harm_vs_probe": -0.06251904551005392,
      "spearman_p_wins": 0.756720834769437,
      "spearman_rho_all_harm_vs_probe": 0.02314156380280755,
      "spearman_p_all": 0.8606817049999023,
      "auc_high_vs_low_harm_within_wins": 0.4571428571428572
    },
    "Privacy": {
      "n_total": 60,
      "n_wins": 30,
      "n_losses": 30,
      "wins_high_harm": 25,
      "wins_low_harm": 5,
      "spearman_rho_wins_harm_vs_probe": -0.1751443861401239,
      "spearman_p_wins": 0.3545882397925454,
      "spearman_rho_all_harm_vs_probe": 0.13004647008588746,
      "spearman_p_all": 0.32199866900875135,
      "auc_high_vs_low_harm_within_wins": 0.44799999999999995
    },
    "Sexual/Adult content": {
      "n_total": 60,
      "n_wins": 28,
      "n_losses": 32,
      "wins_high_harm": 3,
      "wins_low_harm": 25,
      "spearman_rho_wins_harm_vs_probe": -0.19583273965561757,
      "spearman_p_wins": 0.31793128034931356,
      "spearman_rho_all_harm_vs_probe": -0.13212407873020912,
      "spearman_p_all": 0.31426161113229056,
      "auc_high_vs_low_harm_within_wins": 0.43999999999999995
    }
  }
}