{
  "raw_norm_llama": 1.4175883531570435,
  "raw_norm_qwen": 1.4435298442840576,
  "cos_llama_qwen": 0.9340125918388367,
  "magnitudes": [
    0.0,
    2.8,
    5.5,
    11.1
  ],
  "n_low": 32,
  "n_high": 32
}