{
  "table12_depth": {
    "L4": {
      "baseline_pct": 72.81553398058253,
      "n_baseline": 103,
      "deltas": {
        "-0.50": {
          "delta_pp": -7.7669902912621325,
          "ci95_lo": -16.504854368932044,
          "ci95_hi": 0.9708737864077666,
          "n": 103
        },
        "+0.25": {
          "delta_pp": -3.8834951456310662,
          "ci95_lo": -9.708737864077666,
          "ci95_hi": 0.9708737864077666,
          "n": 103
        },
        "+0.50": {
          "delta_pp": -15.533980582524276,
          "ci95_lo": -25.24271844660194,
          "ci95_hi": -6.796116504854366,
          "n": 103
        }
      }
    },
    "L8": {
      "baseline_pct": 72.81553398058253,
      "n_baseline": 103,
      "deltas": {
        "-0.50": {
          "delta_pp": -48.54368932038835,
          "ci95_lo": -59.22330097087378,
          "ci95_hi": -37.86407766990292,
          "n": 103
        },
        "+0.25": {
          "delta_pp": 8.737864077669899,
          "ci95_lo": 1.9417475728155331,
          "ci95_hi": 16.50485436893203,
          "n": 103
        },
        "+0.50": {
          "delta_pp": 8.737864077669899,
          "ci95_lo": -0.9708737864077666,
          "ci95_hi": 18.446601941747566,
          "n": 103
        }
      }
    },
    "L12": {
      "baseline_pct": 72.81553398058253,
      "n_baseline": 103,
      "deltas": {
        "-0.50": {
          "delta_pp": -24.271844660194176,
          "ci95_lo": -33.00970873786408,
          "ci95_hi": -15.533980582524276,
          "n": 103
        },
        "+0.25": {
          "delta_pp": 5.825242718446599,
          "ci95_lo": -1.9417475728155331,
          "ci95_hi": 13.592233009708732,
          "n": 103
        },
        "+0.50": {
          "delta_pp": 7.7669902912621325,
          "ci95_lo": -1.9417475728155331,
          "ci95_hi": 17.475728155339798,
          "n": 103
        }
      }
    },
    "L16": {
      "baseline_pct": 72.81553398058253,
      "n_baseline": 103,
      "deltas": {
        "-0.50": {
          "delta_pp": -37.86407766990291,
          "ci95_lo": -47.57281553398058,
          "ci95_hi": -28.155339805825246,
          "n": 103
        },
        "+0.25": {
          "delta_pp": 1.9417475728155331,
          "ci95_lo": -4.854368932038833,
          "ci95_hi": 8.737864077669899,
          "n": 103
        },
        "+0.50": {
          "delta_pp": 0.0,
          "ci95_lo": -8.737864077669899,
          "ci95_hi": 8.737864077669899,
          "n": 103
        }
      }
    },
    "L20": {
      "baseline_pct": 72.81553398058253,
      "n_baseline": 103,
      "deltas": {
        "-0.50": {
          "delta_pp": -3.8834951456310662,
          "ci95_lo": -10.679611650485443,
          "ci95_hi": 2.9126213592232997,
          "n": 103
        },
        "+0.25": {
          "delta_pp": -0.2665143727393904,
          "ci95_lo": -4.854368932038833,
          "ci95_hi": 4.451119869268477,
          "n": 103
        },
        "+0.50": {
          "delta_pp": -1.9417475728155331,
          "ci95_lo": -7.7669902912621325,
          "ci95_hi": 2.9126213592232997,
          "n": 103
        }
      }
    },
    "L24": {
      "baseline_pct": 72.81553398058253,
      "n_baseline": 103,
      "deltas": {
        "-0.50": {
          "delta_pp": -0.9708737864077666,
          "ci95_lo": -7.7669902912621325,
          "ci95_hi": 5.825242718446599,
          "n": 103
        },
        "+0.25": {
          "delta_pp": -5.825242718446599,
          "ci95_lo": -11.650485436893199,
          "ci95_hi": -0.9708737864077666,
          "n": 103
        },
        "+0.50": {
          "delta_pp": -7.129259470778604,
          "ci95_lo": -14.991909385113269,
          "ci95_hi": 1.1856147265211774,
          "n": 103
        }
      }
    },
    "L31": {
      "baseline_pct": 72.81553398058253,
      "n_baseline": 103,
      "deltas": {
        "-0.50": {
          "delta_pp": -5.825242718446599,
          "ci95_lo": -12.621359223300965,
          "ci95_hi": 0.0,
          "n": 103
        },
        "+0.25": {
          "delta_pp": -5.825242718446599,
          "ci95_lo": -11.650485436893199,
          "ci95_hi": -0.9708737864077666,
          "n": 103
        },
        "+0.50": {
          "delta_pp": -7.7669902912621325,
          "ci95_lo": -13.592233009708742,
          "ci95_hi": -2.9126213592232997,
          "n": 103
        }
      }
    }
  },
  "table11_v2": {
    "L16, LR": {
      "structural": {
        "-8": {
          "pct": 33,
          "ci95_lo_pct": 22.33495518172607,
          "ci95_hi_pct": 45.278428818668736,
          "n": 61
        },
        "+0": {
          "pct": 49,
          "ci95_lo_pct": 37.06018664372518,
          "ci95_hi_pct": 61.39759354676981,
          "n": 61
        },
        "+8": {
          "pct": 69,
          "ci95_lo_pct": 56.40832930215206,
          "ci95_hi_pct": 79.06272631646316,
          "n": 61
        }
      },
      "lexical": {
        "-8": {
          "pct": 36,
          "ci95_lo_pct": 18.811054636982238,
          "ci95_hi_pct": 55.11002309310836,
          "n": 23
        },
        "+0": {
          "pct": 54,
          "ci95_lo_pct": 32.96242986421849,
          "ci95_hi_pct": 70.76313046005427,
          "n": 23
        },
        "+8": {
          "pct": 70,
          "ci95_lo_pct": 49.133870939427396,
          "ci95_hi_pct": 84.39617197902754,
          "n": 23
        }
      },
      "borderline": {
        "-8": {
          "pct": 54,
          "ci95_lo_pct": 32.59026690286936,
          "ci95_hi_pct": 78.61949006959948,
          "n": 14
        },
        "+0": {
          "pct": 77,
          "ci95_lo_pct": 52.410276226791716,
          "ci95_hi_pct": 92.42875166308363,
          "n": 14
        },
        "+8": {
          "pct": 75,
          "ci95_lo_pct": 45.35045882751561,
          "ci95_hi_pct": 88.2788120898909,
          "n": 14
        }
      }
    },
    "L16, MD": {
      "structural": {
        "-8": {
          "pct": 48,
          "ci95_lo_pct": 35.53028228679598,
          "ci95_hi_pct": 59.843058284688986,
          "n": 61
        },
        "+0": {
          "pct": 53,
          "ci95_lo_pct": 40.156941715311014,
          "ci95_hi_pct": 64.46971771320402,
          "n": 61
        },
        "+8": {
          "pct": 53,
          "ci95_lo_pct": 40.156941715311014,
          "ci95_hi_pct": 64.46971771320402,
          "n": 61
        }
      },
      "lexical": {
        "-8": {
          "pct": 61,
          "ci95_lo_pct": 40.78517960374599,
          "ci95_hi_pct": 77.84262201761787,
          "n": 23
        },
        "+0": {
          "pct": 59,
          "ci95_lo_pct": 40.78517960374599,
          "ci95_hi_pct": 77.84262201761787,
          "n": 23
        },
        "+8": {
          "pct": 62,
          "ci95_lo_pct": 40.78517960374599,
          "ci95_hi_pct": 77.84262201761787,
          "n": 23
        }
      },
      "borderline": {
        "-8": {
          "pct": 70,
          "ci95_lo_pct": 45.35045882751561,
          "ci95_hi_pct": 88.2788120898909,
          "n": 14
        },
        "+0": {
          "pct": 70,
          "ci95_lo_pct": 45.35045882751561,
          "ci95_hi_pct": 88.2788120898909,
          "n": 14
        },
        "+8": {
          "pct": 60,
          "ci95_lo_pct": 32.59026690286936,
          "ci95_hi_pct": 78.61949006959948,
          "n": 14
        }
      }
    },
    "L31, LR": {
      "structural": {
        "-8": {
          "pct": 55,
          "ci95_lo_pct": 43.30314670045551,
          "ci95_hi_pct": 67.49239196607955,
          "n": 61
        },
        "+0": {
          "pct": 56,
          "ci95_lo_pct": 43.30314670045551,
          "ci95_hi_pct": 67.49239196607955,
          "n": 61
        },
        "+8": {
          "pct": 56,
          "ci95_lo_pct": 43.30314670045551,
          "ci95_hi_pct": 67.49239196607955,
          "n": 61
        }
      },