{
  "params": {
    "n_perms": 50,
    "n_per_class": 500
  },
  "hidden_state_slices": {
    "all": {
      "n_perms": 50,
      "n_per_class": 500,
      "auc_mean": 0.5032481999999999,
      "auc_std": 0.020566430967963314,
      "auc_p2_5": 0.46719725000000006,
      "auc_p97_5": 0.5388075,
      "per_perm": [
        0.5019699999999999,
        0.5103300000000001,
        0.52981,
        0.46553000000000005,
        0.50681,
        0.48773,
        0.5391900000000001,
        0.53749,
        0.5022800000000001,
        0.47294,
        0.51872,
        0.49097999999999997,
        0.5109600000000001,
        0.48389000000000004,
        0.48134999999999994,
        0.50008,
        0.52479,
        0.51814,
        0.47487,
        0.5181600000000001,
        0.49429999999999996,
        0.5003,
        0.49666999999999994,
        0.5332000000000001,
        0.52393,
        0.49734999999999996,
        0.50647,
        0.5333399999999999,
        0.47824999999999995,
        0.48821000000000003,
        0.5455300000000001,
        0.47607999999999995,
        0.5065000000000001,
        0.50076,
        0.499,
        0.49677,
        0.51774,
        0.52597,
        0.4766,
        0.49758,
        0.48265,
        0.49877000000000005,
        0.4949199999999999,
        0.5104599999999999,
        0.5053099999999999,
        0.53472,
        0.52172,
        0.48068999999999995,
        0.50959,
        0.45301
      ]
    },
    "winners_pre": {
      "n_perms": 50,
      "n_per_class": 500,
      "auc_mean": 0.5018944,
      "auc_std": 0.021380103288805706,
      "auc_p2_5": 0.45632924999999996,
      "auc_p97_5": 0.5353990000000001,
      "per_perm": [
        0.50352,
        0.48117,
        0.49007000000000006,
        0.50176,
        0.48424999999999996,
        0.5081600000000001,
        0.51431,
        0.5242199999999999,
        0.49551999999999996,
        0.48623000000000005,
        0.5195000000000001,
        0.47154000000000007,
        0.5277100000000001,
        0.485,
        0.50405,
        0.52925,
        0.5080699999999999,
        0.48436,
        0.50153,
        0.45215999999999995,
        0.48489000000000004,
        0.50306,
        0.50819,
        0.51927,
        0.48775,
        0.5473100000000002,
        0.49702,
        0.5148,
        0.46874000000000005,
        0.46076999999999996,
        0.50211,
        0.5237299999999999,
        0.48877999999999994,
        0.45504,
        0.48607000000000006,
        0.49077000000000004,
        0.5201300000000001,
        0.5275399999999999,
        0.48379000000000005,
        0.50393,
        0.4817400000000001,
        0.52844,
        0.5138,
        0.5361100000000001,
        0.52383,
        0.5184200000000001,
        0.5329500000000001,
        0.49806000000000006,
        0.52497,
        0.49033
      ]
    },
    "full_pre": {
      "n_perms": 50,
      "n_per_class": 500,
      "auc_mean": 0.5020302,
      "auc_std": 0.023029057774038426,
      "auc_p2_5": 0.4599495,
      "auc_p97_5": 0.54689325,
      "per_perm": [
        0.51117,
        0.49887,
        0.51399,
        0.4989100000000001,
        0.5032499999999999,
        0.52337,
        0.5216900000000001,
        0.49408,
        0.48487,
        0.47308000000000006,
        0.49657999999999997,
        0.4626,
        0.52681,
        0.48585,
        0.45918000000000003,
        0.52353,
        0.5269999999999999,
        0.51459,
        0.47122,
        0.47447,
        0.48041999999999996,
        0.5122500000000001,
        0.54708,
        0.49702999999999997,
        0.52233,
        0.53528,
        0.49859,
        0.51393,
        0.4891500000000001,
        0.47278000000000003,
        0.5599200000000001,
        0.49161,
        0.45375000000000004,
        0.47343,
        0.51162,
        0.5342,
        0.4991200000000001,
        0.5462499999999999,
        0.5030600000000001,
        0.50234,
        0.46484000000000003,
        0.49944,
        0.5068600000000001,
        0.51085,
        0.5090299999999999,
        0.5128299999999999,
        0.50217,
        0.4991,
        0.50238,
        0.48475999999999997
      ]
    },
    "full_strict_pre": {
      "n_perms": 50,
      "n_per_class": 500,
      "auc_mean": 0.5000290000000001,
      "auc_std": 0.023646479420835562,
      "auc_p2_5": 0.45769775,
      "auc_p97_5": 0.5493979999999999,
      "per_perm": [
        0.5131,
        0.49689999999999995,
        0.51128,
        0.48233,
        0.50918,
        0.48268000000000005,
        0.52778,
        0.5010199999999999,
        0.45725,
        0.48593000000000003,
        0.49667000000000006,
        0.47231000000000006,
        0.49286,
        0.50804,
        0.47801,
        0.52652,
        0.52742,
        0.5033000000000001,
        0.4738999999999999,
        0.46669,
        0.4850600000000001,
        0.49524999999999997,
        0.4995400000000001,
        0.51271,
        0.52913,
        0.53012,
        0.50852,
        0.55412,
        0.45943000000000006,
        0.47318,
        0.55352,
        0.5219800000000001,
        0.47833,
        0.49065000000000003,
        0.51453,
        0.49870000000000003,
        0.5352,
        0.49813999999999997,
        0.5093799999999999,
        0.44162,
        0.48105000000000003,
        0.4997,
        0.50945,
        0.51591,
        0.45924,
        0.49291999999999997,
        0.5185599999999999,
        0.51702,
        0.50871,
        0.49661
      ]
    }
  },
  "text_only_slices": {
    "all": {
      "n_perms": 50,
      "n_per_class": 500,
      "auc_mean": 0.4983767999999999,
      "auc_std": 0.020534691956783764,
      "auc_p2_5": 0.45971500000000004,
      "auc_p97_5": 0.5361065,
      "per_perm": [
        0.49173,
        0.48858000000000007,
        0.51436,
        0.45742000000000005,
        0.47799,
        0.47463999999999995,
        0.52389,
        0.49668,
        0.5004,
        0.49278000000000005,
        0.49727999999999994,
        0.50643,
        0.52862,
        0.48395,
        0.47529000000000005,
        0.50747,
        0.5165899999999999,
        0.4455,
        0.48732,
        0.49432,
        0.48439999999999994,
        0.47792,
        0.48078000000000004,
        0.53702,
        0.49998000000000004,
        0.5191199999999999,
        0.49135999999999996,
        0.49763999999999997,
        0.51599,
        0.46948000000000006,
        0.5302100000000001,
        0.49478999999999995,
        0.49432,
        0.49949999999999994,
        0.5127200000000001,
        0.5171699999999999,
        0.46762,
        0.50907,
        0.49677000000000004,
        0.50369,
        0.5241,
        0.47373000000000004,
        0.53827,
        0.47525000000000006,
        0.51313,
        0.5221700000000001,
        0.53296,
        0.4891,
        0.4993600000000001,
        0.48997999999999997
      ]
    },
    "winners_pre": {
      "n_perms": 50,
      "n_per_class": 500,
      "auc_mean": 0.4998966,
      "auc_std": 0.025976743491823603,
      "auc_p2_5": 0.45212149999999995,
      "auc_p97_5": 0.55154625,