{
  "n_behaviors": 96,
  "pearson_r": 0.11434040786738214,
  "pearson_p": 0.267313823743592,
  "spearman_r": 0.06797857696934907,
  "spearman_p": 0.5104814378127582,
  "slope": 0.013307564093492227
}