{
  "groups": {
    "A_kept_pos": "Qwen\u22654 \u2229 Llama\u22654",
    "B_kept_neg": "Qwen<4 \u2229 Llama<4",
    "C_Qwen_only_pos": "Qwen\u22654 only (exits \u22654 under Llama)",
    "D_Llama_only_pos": "Llama\u22654 only (enters \u22654 under Llama)"
  },
  "per_layer": [
    {
      "layer": 0,
      "n_A": 105,
      "n_B": 143,
      "n_C": 19,
      "n_D": 22,
      "cos_vl_vmd_comp": 0.02039380371570587,
      "cos_vintersect_vmd_comp": -0.030674848705530167,
      "cos_vdisagree_vmd_comp": 0.13746048510074615,
      "cos_vperp_vmd_comp": 0.11149913817644119,
      "cos_vl_vq": 0.7128504514694214,
      "cos_vintersect_vq": 0.9255362153053284,
      "cos_vbal_vmd_comp": 0.07346955686807632,
      "cos_vl_vlr_comp": 0.024623297154903412,
      "cos_vintersect_vlr_comp": 0.02468365803360939,
      "cos_vdisagree_vlr_comp": 0.015348905697464943,
      "cos_vperp_vlr_comp": 0.019483942538499832,
      "n_was5_to_geq4": 28,
      "n_was4_to_geq4": 77,
      "cos_was4md_vs_was5md": 0.22348378598690033
    },
    {
      "layer": 4,
      "n_A": 105,
      "n_B": 143,
      "n_C": 19,
      "n_D": 22,
      "cos_vl_vmd_comp": 0.03257639706134796,
      "cos_vintersect_vmd_comp": 0.014448722824454308,
      "cos_vdisagree_vmd_comp": 0.056533753871917725,
      "cos_vperp_vmd_comp": 0.05756748467683792,
      "cos_vl_vq": 0.7593251466751099,
      "cos_vintersect_vq": 0.9380205273628235,
      "cos_vbal_vmd_comp": 0.05749768391251564,
      "cos_vl_vlr_comp": 0.04416290670633316,
      "cos_vintersect_vlr_comp": 0.054161038249731064,
      "cos_vdisagree_vlr_comp": -0.02301434986293316,
      "cos_vperp_vlr_comp": -0.0002562468871474266,
      "n_was5_to_geq4": 28,
      "n_was4_to_geq4": 77,
      "cos_was4md_vs_was5md": 0.353939414024353
    },
    {
      "layer": 8,
      "n_A": 105,
      "n_B": 143,
      "n_C": 19,
      "n_D": 22,
      "cos_vl_vmd_comp": 0.02793695218861103,
      "cos_vintersect_vmd_comp": -0.002878522966057062,
      "cos_vdisagree_vmd_comp": 0.08927077054977417,
      "cos_vperp_vmd_comp": 0.08411384373903275,
      "cos_vl_vq": 0.778296172618866,
      "cos_vintersect_vq": 0.9432131052017212,
      "cos_vbal_vmd_comp": 0.05389261990785599,
      "cos_vl_vlr_comp": 0.01157156378030777,
      "cos_vintersect_vlr_comp": 0.021902678534388542,
      "cos_vdisagree_vlr_comp": -0.028297077864408493,
      "cos_vperp_vlr_comp": -0.018500693142414093,
      "n_was5_to_geq4": 28,
      "n_was4_to_geq4": 77,
      "cos_was4md_vs_was5md": 0.3924075663089752
    },
    {
      "layer": 12,
      "n_A": 105,
      "n_B": 143,
      "n_C": 19,
      "n_D": 22,
      "cos_vl_vmd_comp": 0.04093197360634804,
      "cos_vintersect_vmd_comp": 0.003922924865037203,
      "cos_vdisagree_vmd_comp": 0.11045811325311661,
      "cos_vperp_vmd_comp": 0.10790852457284927,
      "cos_vl_vq": 0.7898380756378174,
      "cos_vintersect_vq": 0.9435310363769531,
      "cos_vbal_vmd_comp": 0.054814234375953674,
      "cos_vl_vlr_comp": 0.02847704477608204,
      "cos_vintersect_vlr_comp": 0.035820771008729935,
      "cos_vdisagree_vlr_comp": -0.015717271715402603,
      "cos_vperp_vlr_comp": -0.004109115339815617,
      "n_was5_to_geq4": 28,
      "n_was4_to_geq4": 77,
      "cos_was4md_vs_was5md": 0.40663835406303406
    },
    {
      "layer": 16,
      "n_A": 105,
      "n_B": 143,
      "n_C": 19,
      "n_D": 22,
      "cos_vl_vmd_comp": 0.07428137958049774,
      "cos_vintersect_vmd_comp": 0.035037487745285034,
      "cos_vdisagree_vmd_comp": 0.11185462772846222,
      "cos_vperp_vmd_comp": 0.12565729022026062,
      "cos_vl_vq": 0.8066158294677734,
      "cos_vintersect_vq": 0.9515233039855957,
      "cos_vbal_vmd_comp": 0.08264756202697754,
      "cos_vl_vlr_comp": 0.02782081440091133,
      "cos_vintersect_vlr_comp": 0.030779533088207245,
      "cos_vdisagree_vlr_comp": -0.010444549843668938,
      "cos_vperp_vlr_comp": 0.002970033325254917,
      "n_was5_to_geq4": 28,
      "n_was4_to_geq4": 77,
      "cos_was4md_vs_was5md": 0.4548199474811554
    },
    {
      "layer": 20,
      "n_A": 105,
      "n_B": 143,
      "n_C": 19,
      "n_D": 22,
      "cos_vl_vmd_comp": 0.07595337927341461,
      "cos_vintersect_vmd_comp": 0.037973321974277496,
      "cos_vdisagree_vmd_comp": 0.10695834457874298,
      "cos_vperp_vmd_comp": 0.12249398231506348,
      "cos_vl_vq": 0.8027151226997375,
      "cos_vintersect_vq": 0.9521410465240479,
      "cos_vbal_vmd_comp": 0.07968983799219131,
      "cos_vl_vlr_comp": 0.02420571818947792,
      "cos_vintersect_vlr_comp": 0.02633832022547722,
      "cos_vdisagree_vlr_comp": -0.004223689902573824,
      "cos_vperp_vlr_comp": 0.0062788743525743484,
      "n_was5_to_geq4": 28,
      "n_was4_to_geq4": 77,
      "cos_was4md_vs_was5md": 0.4176737368106842
    },
    {
      "layer": 24,
      "n_A": 105,
      "n_B": 143,
      "n_C": 19,
      "n_D": 22,
      "cos_vl_vmd_comp": 0.09318017959594727,
      "cos_vintersect_vmd_comp": 0.05383200943470001,
      "cos_vdisagree_vmd_comp": 0.1134294718503952,
      "cos_vperp_vmd_comp": 0.13572320342063904,
      "cos_vl_vq": 0.8106775283813477,
      "cos_vintersect_vq": 0.9550096988677979,
      "cos_vbal_vmd_comp": 0.0901174545288086,
      "cos_vl_vlr_comp": 0.01321002934128046,
      "cos_vintersect_vlr_comp": 0.011868025176227093,
      "cos_vdisagree_vlr_comp": 0.004789369180798531,
      "cos_vperp_vlr_comp": 0.00945026520639658,
      "n_was5_to_geq4": 28,
      "n_was4_to_geq4": 77,
      "cos_was4md_vs_was5md": 0.4469297528266907
    },
    {
      "layer": 28,
      "n_A": 105,
      "n_B": 143,
      "n_C": 19,
      "n_D": 22,
      "cos_vl_vmd_comp": 0.11256983131170273,
      "cos_vintersect_vmd_comp": 0.07176792621612549,
      "cos_vdisagree_vmd_comp": 0.11485084891319275,
      "cos_vperp_vmd_comp": 0.14441075921058655,
      "cos_vl_vq": 0.8039331436157227,
      "cos_vintersect_vq": 0.9526916742324829,
      "cos_vbal_vmd_comp": 0.1070353239774704,
      "cos_vl_vlr_comp": 0.024391254410147667,
      "cos_vintersect_vlr_comp": 0.03595513850450516,
      "cos_vdisagree_vlr_comp": -0.027557488530874252,
      "cos_vperp_vlr_comp": -0.014429125934839249,
      "n_was5_to_geq4": 28,
      "n_was4_to_geq4": 77,
      "cos_was4md_vs_was5md": 0.44355177879333496
    },
    {
      "layer": 31,
      "n_A": 105,
      "n_B": 143,
      "n_C": 19,
      "n_D": 22,
      "cos_vl_vmd_comp": 0.10616723448038101,
      "cos_vintersect_vmd_comp": 0.06905540823936462,
      "cos_vdisagree_vmd_comp": 0.09804459661245346,
      "cos_vperp_vmd_comp": 0.1279054880142212,
      "cos_vl_vq": 0.789960503578186,
      "cos_vintersect_vq": 0.9481076002120972,
      "cos_vbal_vmd_comp": 0.11417032033205032,
      "cos_vl_vlr_comp": -0.0039483061991631985,
      "cos_vintersect_vlr_comp": 0.001506132772192359,
      "cos_vdisagree_vlr_comp": -0.01256040669977665,
      "cos_vperp_vlr_comp": -0.012831124477088451,
      "n_was5_to_geq4": 28,
      "n_was4_to_geq4": 77,
      "cos_was4md_vs_was5md": 0.4325396418571472
    }
  ],
  "rand_sd_floor": 0.0156,
  "pass_threshold_3sigma": 0.0469
}